Hours Saved,Busy Professionals with Family,Busy Professionals without Kids,Retired Individuals
1,One full dinner with the kids or an uninterrupted Netflix episode.,Catch up on sleep or take a peaceful walk.,Walk with a friend or call the grandkids.
2,Family movie night or reading time without errands.,Attend a yoga class or make a proper meal.,Join a book club or start a light project.
3,"Hike, soccer game, and a nap in one weekend.",Time for a side hustle or creative project.,Sort keepsakes or organize photos without strain.
4,Pancake breakfast and relaxed weekend morning.,Morning routine without rushing; journaling or meal prep.,Take a local day trip or revisit favorite hobbies.
5,Time for a hobby or finally scheduling date night.,Regular hobby or a meaningful dinner with friends.,Attend weekly group sessions or rest fully.
6,One kid-free day or digital organization session.,Batch chores in one go and spend the rest on self-care.,Work on your garden or write down family memories.
8,Guilt-free mental break or declutter the guest room.,"One day monthly to explore, reflect, or learn.","No heavy lifting, more time for reflection."
10,A whole workday returned for passion or rest.,A full working day for a passion project or rest.,Fully redesign space or establish new routines.
12,"Volunteer, take a course, or simply do nothing.","Deep work, or true reset from digital overload.",Start documenting legacy stories or writing.
15,Weekend getaway without stress.,"Retreat, recharge, or finally take that workshop.","Travel, connect socially, or explore new things."
20,"Reclaim half a workweek to reset, create, or rest.","Big-picture planning time—health, goals, finances.",Daylong retreat monthly or new learning journey.
40,Nearly full workweek—start a big project or rebalance life.,Transform lifestyle pace: from reactive to intentional.,Complete freedom to begin a new chapter or passion.